Element,Category,
K362R,ONLY_CH,"K362R, K367*, Q372X, Q372*, Q373X, G390X, S392T, S392X, S392*, R404T, R404X, R404*, R417*, Q428Afs, S430*, S444X, Y449fs, E453*, D457fs, P458Qfs, L466fs, P474fs, R506Nfs, T514fs, S526fs, Q529X, E537*, D544fs, R545fs, R549fs, S547fs, T551fs, R573Q, W583X, W583*, V584fs, G587fs, Q588T, Q588*, Y591_Q592delinsX, Y591fs, Y591*, Y591T, Y591X, Q592T, Q592X, I593fs, C594X, T601fs, I617fs, Q623*, G629fs, R634fs, T638fs, T639fs, A640fs, A640Gfs, G644fs, G643fs, G652S, E670fs, H674fs, E676fs, K686fs, C687X, S689X, Q692X, Q695fs, E705X, E705*, Q708fs, Q708X, Q708*, G710fs, S714fs, E719fs, R725fs, K726X, E727X, C730X, Q733fs, R734fs, G742fs, S747fs, L749fs, V751Lfs, A752fs, T754fs, D756fs, Q760X, A761fs, Q768*, L775T, Q780X, Q780*, E788fs, C789X, E790fs, S795fs, E797Kfs, W796*, P808fs, P813Vfs, T822fs, L823T, L823X, L823*, G826Efs, K825Rfs, D832fs, V841fs, S846fs, T854fs, C856T, Q858X, R860fs, D879fs, Q882T, Q882X, Q882*, N893fs, Q910fs, K909X, T936fs, E947X, E948X, P963fs, R965X, R965*, N971Tfs, Q976X, Q977*, G1007fs, Q1039*, M1050fs, P1062Lfs, S1146*, I1220F, F1238fs, Q1243X, E1245X, Q1315fs, V1374fs, W1411X, "
K367*,,
Q372X,,
Q372*,,
Q373X,,
G390X,,
S392T,,
S392X,,
S392*,,
R404T,,
R404X,,
R404*,,
R417*,,
Q428Afs,,
S430*,,
S444X,,
Y449fs,,
E453*,,
D457fs,,
P458Qfs,,
L466fs,,
P474fs,,
R506Nfs,,
T514fs,,
S526fs,,
Q529X,,
E537*,,
D544fs,,
R545fs,,
R549fs,,
S547fs,,
T551fs,,
R573Q,,
W583X,,
W583*,,
V584fs,,
G587fs,,
Q588T,,
Q588*,,
Y591_Q592delinsX,,
Y591fs,,
Y591*,,
Y591T,,
Y591X,,
Q592T,,
Q592X,,
I593fs,,
C594X,,
T601fs,,
I617fs,,
Q623*,,
G629fs,,
R634fs,,
T638fs,,
T639fs,,
A640fs,,
A640Gfs,,
G644fs,,
G643fs,,
G652S,,
E670fs,,
H674fs,,
E676fs,,
K686fs,,
C687X,,
S689X,,
Q692X,,
Q695fs,,
E705X,,
E705*,,
Q708fs,,
Q708X,,
Q708*,,
G710fs,,
S714fs,,
E719fs,,
R725fs,,
K726X,,
E727X,,
C730X,,
Q733fs,,
R734fs,,
G742fs,,
S747fs,,
L749fs,,
V751Lfs,,
A752fs,,
T754fs,,
D756fs,,
Q760X,,
A761fs,,
Q768*,,
L775T,,
Q780X,,
Q780*,,
E788fs,,
C789X,,
E790fs,,
S795fs,,
E797Kfs,,
W796*,,
P808fs,,
P813Vfs,,
T822fs,,
L823T,,
L823X,,
L823*,,
G826Efs,,
K825Rfs,,
D832fs,,
V841fs,,
S846fs,,
T854fs,,
C856T,,
Q858X,,
R860fs,,
D879fs,,
Q882T,,
Q882X,,
Q882*,,
N893fs,,
Q910fs,,
K909X,,
T936fs,,
E947X,,
E948X,,
P963fs,,
R965X,,
R965*,,
N971Tfs,,
Q976X,,
Q977*,,
G1007fs,,
Q1039*,,
M1050fs,,
P1062Lfs,,
S1146*,,
I1220F,,
F1238fs,,
Q1243X,,
E1245X,,
Q1315fs,,
V1374fs,,
W1411X,,
-548X,ONLY_AML,"-548X, E635fs*15, A671fs*33, T688fs*30, A716fs*9, REDLPSL718X, Q733*, D756fs*16, L762fs*12, A772T, Q778*, P783fs*4, R786K, T787N, S795fs*22, E797*, E801delE, E801fs*19, P808fs*10, A809V, G826fs*12, K825*, Q829*, 878, -898*, W898*, G927*, GDL942X, W960*, -960*, Y974fs*1, L983fs*8, V1060D, 1102, 1249, "
E635fs*15,,
A671fs*33,,
T688fs*30,,
A716fs*9,,
REDLPSL718X,,
Q733*,,
D756fs*16,,
L762fs*12,,
A772T,,
Q778*,,
P783fs*4,,
R786K,,
T787N,,
S795fs*22,,
E797*,,
E801delE,,
E801fs*19,,
P808fs*10,,
A809V,,
G826fs*12,,
K825*,,
Q829*,,
878,,
-898*,,
W898*,,
G927*,,
GDL942X,,
W960*,,
-960*,,
Y974fs*1,,
L983fs*8,,
V1060D,,
1102,,
1249,,
Y425*,SHARED,"Y425*, Q428fs, Q428X, Q428*, Q512X, Q512*, 630-637, E635fs, H630fs, HHCHREAA630X, -638?, -642X, 642-643, G642fs, G646fs, G643X, G645Wfs, E657*, 674, R693X, 693, R693*, L696fs*22, L696Tfs, A752fs*22, V751fs, L775X, L775*, "
Q428fs,,
Q428X,,
Q428*,,
Q512X,,
Q512*,,
630-637,,
E635fs,,
H630fs,,
HHCHREAA630X,,
-638?,,
-642X,,
642-643,,
G642fs,,
G646fs,,
G643X,,
G645Wfs,,
E657*,,
674,,
R693X,,
693,,
R693*,,
L696fs*22,,
L696Tfs,,
A752fs*22,,
V751fs,,
L775X,,
L775*,,
